query_id,cost_ratio,detour_m,diverge_lat,diverge_lon,progress_fraction,straight_line_km
0,1.003059,33.690000,37.757532,-122.470175,0.310448,8.485489
1,1.008920,22.210000,37.776281,-122.419612,0.490196,1.954652
2,1.032376,322.250000,37.739768,-122.466903,0.242000,8.507852
3,1.005440,34.680000,37.758457,-122.463790,0.024691,5.045664
4,1.036770,224.610000,37.758837,-122.414712,0.046414,5.496014
5,1.023995,97.900000,37.732547,-122.481901,0.048458,3.005721
6,1.019428,251.300000,37.773055,-122.418725,0.695804,11.187622
7,1.020935,21.720000,37.778076,-122.486754,0.025641,0.863903
8,1.027388,173.530000,37.798275,-122.425629,0.003876,5.516602
9,1.009611,98.840000,37.740531,-122.456795,0.189964,8.778031
10,1.012775,104.210000,37.743643,-122.463532,0.005693,6.949114
11,1.006934,87.620000,37.718628,-122.426363,0.111628,9.556243
12,1.031013,239.100000,37.781013,-122.404511,0.019108,6.800557
13,1.004921,16.840000,37.743004,-122.477859,0.004630,2.851600
14,1.026988,170.830000,37.755952,-122.436909,0.676568,5.248955
15,1.002430,14.620000,37.745682,-122.452355,0.287009,5.114815
16,1.026444,119.170000,37.722870,-122.471356,0.005076,3.850913
18,1.018515,245.390000,37.783643,-122.459063,0.174174,10.252650
19,1.012187,162.900000,37.734195,-122.405442,0.797428,10.252132
20,1.006935,17.160000,37.752548,-122.392663,0.008929,1.725307
23,1.023120,147.590000,37.739858,-122.424378,0.455253,5.747043
24,1.003031,12.880000,37.785316,-122.431308,0.046512,3.259630
25,1.000603,2.100000,37.763371,-122.403387,0.712230,3.203657
26,1.039259,424.980000,37.784523,-122.432967,0.001543,8.608941
28,1.060789,401.700000,37.736629,-122.424287,0.160535,5.954792
29,1.018984,264.620000,37.782429,-122.474120,0.011220,10.948344
31,1.013844,96.780000,37.761692,-122.438292,0.435262,5.595579
32,1.028895,67.770000,37.773533,-122.421243,0.185841,2.037651
34,1.004686,31.710000,37.743445,-122.463777,0.792683,5.635371
35,1.000726,9.870000,37.785729,-122.406277,0.818681,8.014042
36,1.014492,149.740000,37.744030,-122.422575,0.132530,8.146901
37,1.018433,128.070000,37.771127,-122.424435,0.291971,5.009202
38,1.002766,6.300000,37.758925,-122.442294,0.971292,1.316808
39,1.001960,13.250000,37.762046,-122.471561,0.006116,4.997476
41,1.056268,198.100000,37.777426,-122.416513,0.188235,3.172120
42,1.001224,6.870000,37.722942,-122.444808,0.657795,4.816096
43,1.009499,91.250000,37.788374,-122.400429,0.001808,8.035798
44,1.002599,29.560000,37.771127,-122.424435,0.248264,9.377495
45,1.006833,29.720000,37.720735,-122.446626,0.140794,3.801035
46,1.027818,165.750000,37.781685,-122.492303,0.168874,5.459490
47,1.010926,20.800000,37.745431,-122.451780,0.717949,1.553579
48,1.006581,58.520000,37.776939,-122.429601,0.102326,7.966418
49,1.018288,177.200000,37.775098,-122.419253,0.159091,8.525090
52,1.026811,215.730000,37.777643,-122.416398,0.588372,6.299174
53,1.001374,4.240000,37.745682,-122.452355,0.325444,2.758801
54,1.029022,330.830000,37.777397,-122.416190,0.297521,10.375003
55,1.001878,22.290000,37.782517,-122.447336,0.250294,9.669538
56,1.004617,38.700000,37.746239,-122.461799,0.556962,6.885305
57,1.019530,133.330000,37.764038,-122.433424,0.314465,6.281371
58,1.000147,2.320000,37.751230,-122.461276,0.561346,9.286105
59,1.002459,10.680000,37.765280,-122.445995,0.650685,2.935381
61,1.004442,38.820000,37.766088,-122.461881,0.802111,6.448496
62,1.002662,13.850000,37.709557,-122.457638,0.140468,5.080640
63,1.010278,109.990000,37.758457,-122.463790,0.337641,8.229328
64,1.018311,215.480000,37.723982,-122.402104,0.188679,9.910749
66,1.003260,12.650000,37.734271,-122.482021,0.041176,3.086277
67,1.001780,25.200000,37.769554,-122.391093,0.663300,4.981138
69,1.000504,4.400000,37.765459,-122.477167,0.406312,5.746314
70,1.050035,157.400000,37.752032,-122.470582,0.006993,2.604244
71,1.011529,78.210000,37.789015,-122.440519,0.453061,5.215438
72,1.038032,152.440000,37.772416,-122.422638,0.572414,3.793599
73,1.001075,12.410000,37.771127,-122.424435,0.300151,9.190659
74,1.009956,36.790000,37.770678,-122.426712,0.122449,3.136169
76,1.031177,322.680000,37.728817,-122.431235,0.545249,9.341559
77,1.008783,36.710000,37.711123,-122.455767,0.003704,3.823391
80,1.001179,2.480000,37.784484,-122.432959,0.029703,1.737167
81,1.030050,198.820000,37.762033,-122.416181,0.523985,5.550691
82,1.034348,321.510000,37.746362,-122.487763,0.002114,7.429878
83,1.000895,4.030000,37.742953,-122.455253,0.242915,3.689222
84,1.001466,14.170000,37.775820,-122.495190,0.002315,7.790415
85,1.004537,69.000000,37.728703,-122.373148,0.037736,12.065483
86,1.007857,68.910000,37.771127,-122.424435,0.313853,6.821952
87,1.034727,245.490000,37.788474,-122.402436,0.033003,6.878836
89,1.000383,4.810000,37.772994,-122.421956,0.261438,10.968877
90,1.002407,15.460000,37.774181,-122.429242,0.050193,4.357541
91,1.007413,41.790000,37.739089,-122.466138,0.662404,4.554652
92,1.035344,213.200000,37.794148,-122.406830,0.007435,5.122757
93,1.014243,72.930000,37.762324,-122.465136,0.293333,3.800514
94,1.013065,54.950000,37.729055,-122.492516,0.006579,3.319837
95,1.008211,60.940000,37.737370,-122.406814,0.229091,6.351189
97,1.003524,32.550000,37.764387,-122.435364,0.185185,7.430613
98,1.012969,154.960000,37.783643,-122.459063,0.323980,9.054154
99,1.017133,199.720000,37.711675,-122.446195,0.032143,9.291356
101,1.045466,349.450000,37.746552,-122.458633,0.044643,5.798674
103,1.012512,72.970000,37.772194,-122.452358,0.642633,4.342405
104,1.004947,44.390000,37.715662,-122.441804,0.222222,7.233965
105,1.009462,55.400000,37.721726,-122.472670,0.004762,4.629033
106,1.013380,78.480000,37.719784,-122.464470,0.723724,4.218848
107,1.000424,3.100000,37.771127,-122.424435,0.199501,5.969576
108,1.002230,31.420000,37.733808,-122.398488,0.005025,10.216159
109,1.001143,5.470000,37.740238,-122.435777,0.345515,3.335794
110,1.001329,12.770000,37.743839,-122.424476,0.251152,7.470091
112,1.022882,218.700000,37.748184,-122.415028,0.041825,7.812616
113,1.011687,68.880000,37.723832,-122.391599,0.009009,4.527125
114,1.020931,165.980000,37.781685,-122.492303,0.160665,7.393053
115,1.030772,382.250000,37.739868,-122.423607,0.421338,10.928129
116,1.000824,3.710000,37.773721,-122.421246,0.787313,3.945827
117,1.014837,147.000000,37.739858,-122.424378,0.197452,8.078839
118,1.002980,25.600000,37.761532,-122.481282,0.030162,6.279325
119,1.002944,7.480000,37.756010,-122.409338,0.330000,1.799205
120,1.018821,145.820000,37.779816,-122.421896,0.214493,6.495532
121,1.041883,452.260000,37.761271,-122.428496,0.172932,9.340438
122,1.004745,39.680000,37.749035,-122.431529,0.529297,6.440590
123,1.009576,98.390000,37.775098,-122.419253,0.157068,8.680336
124,1.007818,56.720000,37.798750,-122.444324,0.136808,6.676636
125,1.033614,237.710000,37.739615,-122.412173,0.072072,6.009569
126,1.014466,58.850000,37.778271,-122.482471,0.006410,3.763363
127,1.020315,100.580000,37.773122,-122.422114,0.699634,3.964608
128,1.010002,79.660000,37.753431,-122.426486,0.636856,6.064793
129,1.011681,129.510000,37.739881,-122.424048,0.503297,9.494966
131,1.005530,37.920000,37.768295,-122.407807,0.263804,5.180329
132,1.003050,13.310000,37.798475,-122.447215,0.880460,2.936913
133,1.014916,85.050000,37.804858,-122.438807,0.004348,4.434813
135,1.001023,12.740000,37.730735,-122.439848,0.443810,10.149314
136,1.003873,30.320000,37.774679,-122.389950,0.328571,7.053862
137,1.092765,881.190000,37.729608,-122.439013,0.066802,8.552128
138,1.003516,27.900000,37.773970,-122.411874,0.007026,6.636373
140,1.021591,258.990000,37.738006,-122.407019,0.112721,10.041095
141,1.002264,21.850000,37.748078,-122.422550,0.328947,8.306746
143,1.000820,8.560000,37.761848,-122.471547,0.849206,7.942045
144,1.007633,36.510000,37.726756,-122.470856,0.002519,3.264657
145,1.003281,37.280000,37.734823,-122.471563,0.903743,10.151073
148,1.000182,0.840000,37.766136,-122.430754,0.371681,4.488644
149,1.001379,12.530000,37.761646,-122.477087,0.495088,7.062464
150,1.003564,33.130000,37.757532,-122.470175,0.625000,6.455693
151,1.000389,0.630000,37.797915,-122.406325,0.362637,1.182000
152,1.014183,69.240000,37.734210,-122.488913,0.414343,3.928359
154,1.030910,196.980000,37.761032,-122.446546,0.364742,4.845427
155,1.012282,16.190000,37.761692,-122.438292,0.194444,0.833456
156,1.000239,0.480000,37.798738,-122.437642,0.333333,1.496173
159,1.015580,192.590000,37.723979,-122.456539,0.329803,10.091623
160,1.013057,29.010000,37.738458,-122.469614,0.088235,1.672622
161,1.026310,144.230000,37.772624,-122.421495,0.116935,4.876888
162,1.000647,7.750000,37.746308,-122.424563,0.182353,9.200406
163,1.034717,419.950000,37.721115,-122.475368,0.049767,9.566856
164,1.027036,244.270000,37.791279,-122.422731,0.008333,7.149335
165,1.010811,50.920000,37.804946,-122.439290,0.005780,3.976324
168,1.015954,120.210000,37.763761,-122.433635,0.345133,6.404254
169,1.004302,40.490000,37.762033,-122.415016,0.350000,8.540271
170,1.002775,18.910000,37.743059,-122.435582,0.152589,5.334770
171,1.016571,125.180000,37.757981,-122.453027,0.334728,6.345630
172,1.006349,49.200000,37.745154,-122.429216,0.469453,5.581679
174,1.000583,3.100000,37.773414,-122.421570,0.548780,4.602230
175,1.023768,125.250000,37.746744,-122.444075,0.122137,4.128949
176,1.024642,220.530000,37.740003,-122.462925,0.630252,7.539671
177,1.000855,7.270000,37.748463,-122.410581,0.597183,7.523229
178,1.013026,30.890000,37.762022,-122.430667,0.037037,2.098943
179,1.007167,74.300000,37.782140,-122.441556,0.115909,7.744220
181,1.003248,9.520000,37.777115,-122.443339,0.613636,2.822352
182,1.002521,14.060000,37.734874,-122.439922,0.224409,4.633264
183,1.000244,0.900000,37.786523,-122.453442,0.080321,2.184144
184,1.001981,13.660000,37.718744,-122.411356,0.595331,5.371329
185,1.013508,91.380000,37.733687,-122.426311,0.462908,6.098315
186,1.027724,131.150000,37.782810,-122.467558,0.027273,4.082905
187,1.000164,0.890000,37.749249,-122.414801,0.677686,4.713084
188,1.003448,31.980000,37.741180,-122.388400,0.148052,7.297840
190,1.011971,167.300000,37.745669,-122.435787,0.355619,10.755929
191,1.016284,151.260000,37.774299,-122.458330,0.405896,7.746121
192,1.003536,13.630000,37.764387,-122.435364,0.061644,2.778369
195,1.023986,154.880000,37.749159,-122.416213,0.524528,4.901497
197,1.002617,15.600000,37.765280,-122.445995,0.240860,5.168591
198,1.002607,12.270000,37.771127,-122.424435,0.200000,4.038264
200,1.008663,85.020000,37.803082,-122.418161,0.016878,8.738940
201,1.001114,1.940000,37.744081,-122.433397,0.375000,1.315066
202,1.022010,120.910000,37.709241,-122.453173,0.368159,4.139005
203,1.009382,73.290000,37.761965,-122.445258,0.358871,6.484805
204,1.006863,26.720000,37.726354,-122.408557,0.797468,2.767081
205,1.004796,11.290000,37.728372,-122.448942,0.305344,1.927460
206,1.008843,36.630000,37.719142,-122.411021,0.214286,3.299550
207,1.000752,3.670000,37.743839,-122.424476,0.651934,3.677710
208,1.007271,33.980000,37.760325,-122.391415,0.311966,3.978895
209,1.029819,200.840000,37.723979,-122.456539,0.097765,5.766537
211,1.017460,228.390000,37.707889,-122.485908,0.001684,10.631943
212,1.004731,46.060000,37.745669,-122.435787,0.336614,7.485624
213,1.001159,9.410000,37.785729,-122.406277,0.033217,6.077890
214,1.001922,19.040000,37.765341,-122.477381,0.767658,7.159033
216,1.003199,15.010000,37.759841,-122.476900,0.726415,3.667052
217,1.022002,54.780000,37.775691,-122.454956,0.494505,1.911530
219,1.010339,41.460000,37.730258,-122.437407,0.796000,3.053609
220,1.007157,84.080000,37.721030,-122.391413,0.036260,10.295204
221,1.000171,0.960000,37.759090,-122.491878,0.894068,3.977648
222,1.006767,61.220000,37.746405,-122.455591,0.386233,7.500674
223,1.001303,5.670000,37.765565,-122.411357,0.290323,3.365361
224,1.001198,7.560000,37.745682,-122.452355,0.182254,4.967839
225,1.023154,235.620000,37.756304,-122.432339,0.477376,8.016000
226,1.002078,22.680000,37.788765,-122.402023,0.198819,9.760346
227,1.001360,13.900000,37.732321,-122.484532,0.001761,7.690855
228,1.012758,102.320000,37.786153,-122.402099,0.014888,6.835173
229,1.000598,2.450000,37.741180,-122.388400,0.481675,3.317198
230,1.001829,13.770000,37.738674,-122.491532,0.504673,5.976313
231,1.000575,5.110000,37.784025,-122.454524,0.482385,5.515922
232,1.004195,26.940000,37.769312,-122.496278,0.180124,5.613565
234,1.000480,2.590000,37.720956,-122.446462,0.143911,4.880370
236,1.000521,3.100000,37.771127,-122.424435,0.241848,4.741329
237,1.013026,128.070000,37.705154,-122.470771,0.092520,8.775573
238,1.020108,169.720000,37.719109,-122.384582,0.003021,6.715462
239,1.002307,11.500000,37.742928,-122.455437,0.625731,3.880898
240,1.004896,24.240000,37.739007,-122.424981,0.654028,4.303568
241,1.000615,1.370000,37.803053,-122.411300,0.610000,1.504940
243,1.058371,371.160000,37.730550,-122.454221,0.148936,5.613242
244,1.008030,64.340000,37.781152,-122.433975,0.862434,5.459845
245,1.000969,9.370000,37.769312,-122.496278,0.194215,7.524766
246,1.042380,469.670000,37.777397,-122.416190,0.364522,9.802293
247,1.004208,41.840000,37.743418,-122.467802,0.201183,8.039883
248,1.006150,32.850000,37.780051,-122.455944,0.003817,4.192101
249,1.013249,106.400000,37.783643,-122.459063,0.295711,6.362577
250,1.006062,70.360000,37.785469,-122.416297,0.868613,6.566539
251,1.000359,2.020000,37.762033,-122.415016,0.452675,5.021963
253,1.010518,92.590000,37.715585,-122.441716,0.063084,7.295542
254,1.005237,48.770000,37.734186,-122.459452,0.674227,7.390592
256,1.001444,9.270000,37.769524,-122.413386,0.358804,5.557137
257,1.003887,29.020000,37.765459,-122.477167,0.547558,5.561936
259,1.008305,74.620000,37.746650,-122.463724,0.776031,7.515910
262,1.025732,115.160000,37.732858,-122.404623,0.575610,3.013103
264,1.004791,25.630000,37.749189,-122.417075,0.361905,3.915997
265,1.020120,190.150000,37.726826,-122.472274,0.093596,7.868053
266,1.009586,141.800000,37.739937,-122.424257,0.547401,12.856353
267,1.002924,32.130000,37.745691,-122.461236,0.505731,8.042418
268,1.001840,17.520000,37.783971,-122.408094,0.130841,8.475594
270,1.039030,299.620000,37.797861,-122.406737,0.044231,6.198350
272,1.016143,131.110000,37.760708,-122.497365,0.001992,6.282767
273,1.027063,177.870000,37.719488,-122.447595,0.103321,5.149275
274,1.001922,14.090000,37.769481,-122.413543,0.128205,6.033741
275,1.002195,14.340000,37.748649,-122.438193,0.826220,5.094426
277,1.036669,257.430000,37.784941,-122.400585,0.036313,6.181425
279,1.005030,47.640000,37.780496,-122.451888,0.400932,7.208170
280,1.011248,51.700000,37.774898,-122.424326,0.022222,3.671045
281,1.001015,10.630000,37.772478,-122.484258,0.332731,8.684517
282,1.000355,2.330000,37.733432,-122.433193,0.529801,5.258626
283,1.002886,5.890000,37.771202,-122.408413,0.571429,1.689046
284,1.013089,151.370000,37.748409,-122.408847,0.158672,9.899241
288,1.001519,17.860000,37.780585,-122.470711,0.008929,8.813895
289,1.022034,241.970000,37.777818,-122.453327,0.328740,9.529497
291,1.005574,51.920000,37.793761,-122.431561,0.004525,6.966407
293,1.034130,317.930000,37.779716,-122.398153,0.153132,8.337143
294,1.027920,202.670000,37.712550,-122.467097,0.081433,6.361905
296,1.001108,4.210000,37.739674,-122.465121,0.209184,3.093484
297,1.023442,203.660000,37.804312,-122.415908,0.010127,7.783191
298,1.022461,274.520000,37.775251,-122.419277,0.051155,10.857166
299,1.012404,137.210000,37.744030,-122.422575,0.449664,8.911656
300,1.001624,14.700000,37.728775,-122.417206,0.823404,6.787563
301,1.003268,23.160000,37.783923,-122.456950,0.613426,4.772523
302,1.001245,8.090000,37.761024,-122.432917,0.702422,5.332878
303,1.002538,26.660000,37.761868,-122.446837,0.778689,7.749912
304,1.001049,7.660000,37.769357,-122.426506,0.579114,6.422045
306,1.004680,19.810000,37.715954,-122.474684,0.664577,2.476968
307,1.003567,38.130000,37.719444,-122.479827,0.222222,8.819618
308,1.002857,20.120000,37.774299,-122.458330,0.475083,6.376865
309,1.051435,287.500000,37.797861,-122.406737,0.156550,4.898146
310,1.032917,19.150000,37.786529,-122.414822,0.040000,0.431068
311,1.008463,65.240000,37.744457,-122.428968,0.304455,6.156809
312,1.013030,144.310000,37.771864,-122.423701,0.758364,8.672545
313,1.000501,3.430000,37.723273,-122.452976,0.349869,6.306571
314,1.042024,279.680000,37.785729,-122.406277,0.228916,6.001164
315,1.040529,212.000000,37.786209,-122.409800,0.032000,4.022982
316,1.015267,192.430000,37.723979,-122.456539,0.319527,9.824623
317,1.022170,221.400000,37.761178,-122.398459,0.087805,8.480964
318,1.003142,22.870000,37.731163,-122.482573,0.168342,6.216847
319,1.005725,27.760000,37.736609,-122.431377,0.931559,3.701183
321,1.000676,6.590000,37.771248,-122.479539,0.277228,8.095246
322,1.019155,63.910000,37.769244,-122.408532,0.608939,3.056684
323,1.013458,147.590000,37.739858,-122.424378,0.627753,9.638105
324,1.034862,107.900000,37.752102,-122.398549,0.072993,2.580676
325,1.012304,65.700000,37.800797,-122.454601,0.347079,3.864983
326,1.009516,75.690000,37.706777,-122.486009,0.160183,5.983211
327,1.001554,10.000000,37.769357,-122.426506,0.519084,3.821689
328,1.000227,4.330000,37.767422,-122.401997,0.512224,2.227257
329,1.017206,189.480000,37.771127,-122.424435,0.160714,8.896928
330,1.009412,85.430000,37.762757,-122.460868,0.139186,6.740830
332,1.011525,126.100000,37.722696,-122.502204,0.001876,8.657393
333,1.014948,136.540000,37.782518,-122.474036,0.154589,7.775254
334,1.002507,29.610000,37.739937,-122.424257,0.532359,10.593419
335,1.003319,53.340000,37.765807,-122.433266,0.503429,12.479897
336,1.000620,6.910000,37.752702,-122.436467,0.506876,8.736864
339,1.056194,243.760000,37.717935,-122.473172,0.004405,3.918342
340,1.002424,20.560000,37.732550,-122.474917,0.691489,6.854473
341,1.001528,11.640000,37.771127,-122.424435,0.059524,6.133768
342,1.006375,39.590000,37.739628,-122.465246,0.011429,4.078941
343,1.020317,147.590000,37.739858,-122.424378,0.564706,5.803818
344,1.007566,42.810000,37.746819,-122.443932,0.508772,4.138129
345,1.013723,66.000000,37.785401,-122.424317,0.720183,4.728393
346,1.000792,2.880000,37.731024,-122.429825,0.897959,3.172219
347,1.008734,62.720000,37.743172,-122.451201,0.073286,4.814404
348,1.001072,8.310000,37.765289,-122.478323,0.486957,5.564765
350,1.006474,50.120000,37.750908,-122.469037,0.040476,5.600993
351,1.010851,92.220000,37.756157,-122.475553,0.432039,6.466923
352,1.001939,7.040000,37.798965,-122.420789,0.270833,3.166993
353,1.016386,220.260000,37.783643,-122.459063,0.256563,10.356646
355,1.000701,5.250000,37.704974,-122.467717,0.002740,6.484984
356,1.025626,187.980000,37.739762,-122.423672,0.411765,6.666419
357,1.009638,53.160000,37.779666,-122.503983,0.083665,4.359588
359,1.001281,7.280000,37.738674,-122.491532,0.298893,4.375067
360,1.017341,97.530000,37.784885,-122.427984,0.165919,4.902500
361,1.024990,144.390000,37.722970,-122.444760,0.327703,5.216143
362,1.019389,200.310000,37.783643,-122.459063,0.404800,7.856182
364,1.080951,964.650000,37.720107,-122.447152,0.117739,10.811518
365,1.000288,2.130000,37.737128,-122.396441,0.820225,6.461941
366,1.028396,124.930000,37.768530,-122.405004,0.586777,3.878871
367,1.017205,74.410000,37.786631,-122.459275,0.394558,3.485111
368,1.002385,18.980000,37.795725,-122.401694,0.002353,7.272624
369,1.004798,7.530000,37.806440,-122.422310,0.142857,1.181344
371,1.005862,45.190000,37.730107,-122.458180,0.536058,6.430198
372,1.011292,82.890000,37.746932,-122.407050,0.009091,6.346491
373,1.040105,355.960000,37.770486,-122.495374,0.001650,7.050204
375,1.001989,13.010000,37.749428,-122.438423,0.196667,6.121152
376,1.017493,141.090000,37.772856,-122.418503,0.506631,7.275063
377,1.026642,66.170000,37.770402,-122.452089,0.009804,2.191334
378,1.005128,11.760000,37.713151,-122.433862,0.803738,1.524219
379,1.001992,17.970000,37.765280,-122.445995,0.523729,6.331777
381,1.000379,1.370000,37.745669,-122.435787,0.618705,3.007570
382,1.012607,118.840000,37.743960,-122.472553,0.002155,7.166130
383,1.003008,9.280000,37.721499,-122.445985,0.483871,2.625069
384,1.026296,156.220000,37.768098,-122.424374,0.049738,4.662090
386,1.002224,2.190000,37.802218,-122.417956,0.758170,0.848495
387,1.010625,34.530000,37.789242,-122.459472,0.538012,2.314166
388,1.013783,178.460000,37.791637,-122.447688,0.540052,9.760720
389,1.012118,170.010000,37.788295,-122.445586,0.449438,10.578192
390,1.002991,14.820000,37.724999,-122.484765,0.533537,3.687831
391,1.002674,13.200000,37.777505,-122.418152,0.417526,3.891929
392,1.001633,10.530000,37.752084,-122.434300,0.002427,4.642898
395,1.019955,20.460000,37.794177,-122.428291,0.017544,0.860416
397,1.000510,3.100000,37.773414,-122.421570,0.078431,5.387864
398,1.011509,39.640000,37.794269,-122.435031,0.034351,2.493849
400,1.011441,114.440000,37.769105,-122.435054,0.373650,9.144077
401,1.004817,38.420000,37.752758,-122.436588,0.542929,6.482487
402,1.018330,90.030000,37.738059,-122.407028,0.274900,3.456203
403,1.015930,150.420000,37.724591,-122.434898,0.424063,6.358109
405,1.014185,115.730000,37.711212,-122.390290,0.024554,7.260631
406,1.003246,31.730000,37.748268,-122.418173,0.649007,7.926057
408,1.029927,110.090000,37.801112,-122.438947,0.005348,2.913286
410,1.013702,131.150000,37.742857,-122.478806,0.134118,8.167830
411,1.004482,37.650000,37.779678,-122.438630,0.066852,6.352655
412,1.002747,11.950000,37.781016,-122.413710,0.532663,3.553717
413,1.000465,3.440000,37.771147,-122.479531,0.756329,6.323897
414,1.000533,4.200000,37.765287,-122.443325,0.345083,6.307017
415,1.001745,13.200000,37.748078,-122.422550,0.426471,5.594524
417,1.001022,2.700000,37.777260,-122.407414,0.033613,2.170852
418,1.009143,39.470000,37.739007,-122.424981,0.254902,3.364162
419,1.003528,15.030000,37.723719,-122.455475,0.930769,3.311601
420,1.002522,12.050000,37.754835,-122.470936,0.226913,3.264967
421,1.000490,5.450000,37.773414,-122.421570,0.389590,9.073433
422,1.038083,304.230000,37.781073,-122.427213,0.384401,6.080709
424,1.013538,61.470000,37.751917,-122.423922,0.036082,3.799372
425,1.010433,28.590000,37.761868,-122.446837,0.236842,2.025164
428,1.001905,26.260000,37.791637,-122.447688,0.461039,10.465955
430,1.013933,95.320000,37.705419,-122.467798,0.165761,5.712133
432,1.003713,13.080000,37.800964,-122.412694,0.070968,2.706270
435,1.001575,6.400000,37.728641,-122.426056,0.371134,3.201467
436,1.003891,30.880000,37.766571,-122.459711,0.716292,5.841797
437,1.002898,12.210000,37.740003,-122.462925,0.692308,3.419792
438,1.011440,198.450000,37.769813,-122.399183,0.307443,8.251280
439,1.026293,129.090000,37.745486,-122.435770,0.211111,4.538806
442,1.000831,4.910000,37.737256,-122.480504,0.019355,5.085844
445,1.017367,134.010000,37.782472,-122.392876,0.003135,6.705391
446,1.003883,39.870000,37.774696,-122.392055,0.811558,6.274059
447,1.018948,149.340000,37.800368,-122.439534,0.032609,6.264158
448,1.007207,42.530000,37.752303,-122.396637,0.226481,4.492826
449,1.004954,39.920000,37.758457,-122.463790,0.449893,6.611402
450,1.005719,20.490000,37.777933,-122.489881,0.748299,2.812428
451,1.031740,179.710000,37.733364,-122.391295,0.004348,5.029361
452,1.015906,174.570000,37.732888,-122.404856,0.179903,9.552055
453,1.014051,164.230000,37.776247,-122.443057,0.520231,10.203685
454,1.011346,115.740000,37.757532,-122.470175,0.313433,8.063173
455,1.000119,0.590000,37.726826,-122.472274,0.200000,4.259263
456,1.003653,21.200000,37.791899,-122.446206,0.531335,4.407913
457,1.017489,187.360000,37.775251,-122.419277,0.084871,8.984788
458,1.001012,7.670000,37.761777,-122.437307,0.720222,6.727319
459,1.000222,2.710000,37.763761,-122.433635,0.652921,10.658678
460,1.054186,355.290000,37.736629,-122.424287,0.179167,5.646853
461,1.005833,32.840000,37.760129,-122.470356,0.013746,4.045289
462,1.066622,176.970000,37.764778,-122.402688,0.093023,2.120279
463,1.007402,28.270000,37.786918,-122.459440,0.852174,3.425382
464,1.004636,30.370000,37.780481,-122.412635,0.036913,6.196288
466,1.000146,0.910000,37.734689,-122.471463,0.709677,5.248255
467,1.000540,3.260000,37.717214,-122.441650,0.530220,5.240701
469,1.003102,22.530000,37.764531,-122.452488,0.218509,5.957982
470,1.003899,22.300000,37.734368,-122.442033,0.573620,4.279991
471,1.004745,25.160000,37.800488,-122.408849,0.124514,4.368705
472,1.002064,21.590000,37.787339,-122.438504,0.086022,7.004438
474,1.030984,31.480000,37.748126,-122.464167,0.181818,0.629143
477,1.008221,20.360000,37.786599,-122.421786,0.008403,1.932550
479,1.002565,30.510000,37.773414,-122.421570,0.290102,9.905565
480,1.015698,156.830000,37.757985,-122.476654,0.059273,8.147533
481,1.012575,56.270000,37.762229,-122.439616,0.003636,3.196485
482,1.000665,5.310000,37.734570,-122.476307,0.805556,6.639198
483,1.009691,43.170000,37.715823,-122.456027,0.005051,3.767594
487,1.006013,16.670000,37.788376,-122.430374,0.007407,2.328339
488,1.027050,248.480000,37.751102,-122.505291,0.002198,7.857583
489,1.005318,57.510000,37.710515,-122.454909,0.537500,4.947089
490,1.004622,64.520000,37.798750,-122.444324,0.070229,11.649588
491,1.050717,278.010000,37.775255,-122.419178,0.386555,5.150397
492,1.001074,3.470000,37.742223,-122.497147,0.924528,2.918321
493,1.004660,34.570000,37.712450,-122.418465,0.089862,6.398176
494,1.008032,109.100000,37.783643,-122.459063,0.076814,10.526920
496,1.007845,59.670000,37.771551,-122.454093,0.793981,6.199086
497,1.010938,68.830000,37.745154,-122.429216,0.165138,5.099083
498,1.000368,2.560000,37.742411,-122.490710,0.142349,5.097799
499,1.002100,9.740000,37.737394,-122.423921,0.577465,4.199011
502,1.013478,90.720000,37.770627,-122.389584,0.416667,5.869539
503,1.005355,25.620000,37.785300,-122.431441,0.032727,3.649920
504,1.011325,106.190000,37.765388,-122.443615,0.704433,8.364687
509,1.046120,358.580000,37.761965,-122.445258,0.212411,6.530182
511,1.001032,1.110000,37.805824,-122.412073,0.611111,0.856351
512,1.011970,46.900000,37.730275,-122.470058,0.541667,3.374594
514,1.000678,2.640000,37.723226,-122.452958,0.744770,3.465659
517,1.007005,86.640000,37.726826,-122.472274,0.109855,10.772877
520,1.002317,11.560000,37.742928,-122.455437,0.445748,4.106793
521,1.006608,19.030000,37.740117,-122.468223,0.682927,2.389746
522,1.000182,1.420000,37.719169,-122.410610,0.963173,6.489592
524,1.035872,161.030000,37.805010,-122.425224,0.027778,3.872368
527,1.002031,8.210000,37.753833,-122.402500,0.707792,2.704534
528,1.028282,187.800000,37.782672,-122.422606,0.002577,5.551201
529,1.000458,2.430000,37.745538,-122.451610,0.425339,3.233965
530,1.002490,10.080000,37.769728,-122.415546,0.452381,3.555358
531,1.004504,55.080000,37.739768,-122.466903,0.260946,10.745287
532,1.000122,1.690000,37.791637,-122.447688,0.455097,8.677940
533,1.023264,119.650000,37.730909,-122.457528,0.822500,4.002556
534,1.001675,8.480000,37.768760,-122.427317,0.437500,4.464323
535,1.006187,23.500000,37.719440,-122.443174,0.190955,3.104410
536,1.004243,32.310000,37.756236,-122.432218,0.198052,5.609225
537,1.016047,65.660000,37.782623,-122.469784,0.308571,2.897672
538,1.098030,592.360000,37.756391,-122.443375,0.014778,5.128961
539,1.003338,33.310000,37.769481,-122.413543,0.087948,8.456599
540,1.004968,12.920000,37.714297,-122.467113,0.775194,1.739168
541,1.000763,7.740000,37.745095,-122.387197,0.710021,7.987389
543,1.008187,81.030000,37.741180,-122.388400,0.158129,7.940181
544,1.000396,5.030000,37.731107,-122.472094,0.584814,10.234583
545,1.021823,231.060000,37.787411,-122.489754,0.041667,8.742622
546,1.059110,527.830000,37.735679,-122.448912,0.017143,7.155332
548,1.012277,80.850000,37.773074,-122.418431,0.810811,6.182429
549,1.034210,249.480000,37.752303,-122.396637,0.127976,6.446428
551,1.004040,41.250000,37.761848,-122.471547,0.695726,7.803247
552,1.003846,32.950000,37.734254,-122.456395,0.306122,6.744183
554,1.010776,42.210000,37.761032,-122.446546,0.403587,2.725638
555,1.007473,41.660000,37.716025,-122.471487,0.023346,4.768813
556,1.001488,10.570000,37.783868,-122.398865,0.869436,5.387099
557,1.004646,49.130000,37.764028,-122.393879,0.007335,8.671441
559,1.001315,4.740000,37.753512,-122.423066,0.340426,3.170357
560,1.011849,86.010000,37.738674,-122.491532,0.321212,5.626105
562,1.018712,231.370000,37.711245,-122.403862,0.001727,9.869579
565,1.001169,8.590000,37.761692,-122.438292,0.554377,6.375576
566,1.006966,49.210000,37.755388,-122.387997,0.062112,6.296955
568,1.000659,13.010000,37.769554,-122.391093,0.449275,3.554464
569,1.022553,198.150000,37.769813,-122.399183,0.193299,7.574117
570,1.025951,245.260000,37.780481,-122.412635,0.014599,8.752218
571,1.006450,75.340000,37.743181,-122.455218,0.325976,10.128131
572,1.003586,32.390000,37.782764,-122.422494,0.225420,7.364094
573,1.010663,59.460000,37.732377,-122.435012,0.076642,4.986952
574,1.018244,209.000000,37.715662,-122.441804,0.164093,9.123276
575,1.039230,60.950000,37.769104,-122.435833,0.043956,1.334712
576,1.034992,322.680000,37.728817,-122.431235,0.547884,8.185724
578,1.002955,13.760000,37.761635,-122.450612,0.875000,3.621880
580,1.021125,276.740000,37.775098,-122.419253,0.187029,12.061448
581,1.005757,34.550000,37.765639,-122.417548,0.540541,5.152002
583,1.032809,199.240000,37.745448,-122.437860,0.129555,4.260416
584,1.005847,34.400000,37.718826,-122.387749,0.004255,4.641927
586,1.038906,449.230000,37.711502,-122.440028,0.043651,10.547532
587,1.005757,25.590000,37.745669,-122.435787,0.306773,3.297375
588,1.009032,37.760000,37.745078,-122.472203,0.061135,3.611468
589,1.024598,203.940000,37.775251,-122.419277,0.068452,7.098550
591,1.003707,20.150000,37.715662,-122.441804,0.091503,4.162562
592,1.001237,12.900000,37.762033,-122.415016,0.425287,9.525168
593,1.008385,34.320000,37.739628,-122.465246,0.364486,3.260210
594,1.004258,23.500000,37.788407,-122.459375,0.399123,4.318540
595,1.001110,10.330000,37.728336,-122.478683,0.035197,8.314036
596,1.021561,135.230000,37.739881,-122.424048,0.366812,5.652111
597,1.022745,258.930000,37.737441,-122.424052,0.459402,9.356081
598,1.000364,0.640000,37.779440,-122.440521,0.472973,1.246985
599,1.009825,55.140000,37.761868,-122.446837,0.150735,4.616895
600,1.003424,28.030000,37.778612,-122.447213,0.571429,6.067395
602,1.004409,31.040000,37.700525,-122.479902,0.002439,5.176756
603,1.000736,5.970000,37.774679,-122.389950,0.389791,7.586855
604,1.029618,361.090000,37.710469,-122.404435,0.108992,9.404370
605,1.000847,10.270000,37.746239,-122.461799,0.806527,8.211504
606,1.018792,65.840000,37.780822,-122.467509,0.523810,2.613875
607,1.001438,11.570000,37.780496,-122.451888,0.965753,6.300501
610,1.062347,710.140000,37.775098,-122.419253,0.196610,10.491785
611,1.007760,67.210000,37.748221,-122.431685,0.173913,7.293194
612,1.002407,21.170000,37.743693,-122.464046,0.346253,7.636094
614,1.010594,77.350000,37.786873,-122.460422,0.474453,5.108755
615,1.003010,23.040000,37.713847,-122.443311,0.945687,7.196314
617,1.001300,11.250000,37.765280,-122.445995,0.584270,6.670966
618,1.035670,135.140000,37.775408,-122.419214,0.474860,3.555672
619,1.059494,553.900000,37.734606,-122.445453,0.023407,7.700949
620,1.000254,3.280000,37.780290,-122.477243,0.033871,9.495883
621,1.001529,12.410000,37.775232,-122.508043,0.008658,6.633470
622,1.010817,90.050000,37.724999,-122.484765,0.466951,7.014424
625,1.002869,28.900000,37.734254,-122.456395,0.422705,8.242034
626,1.004156,7.180000,37.729562,-122.486668,0.380165,1.237243
627,1.024857,203.110000,37.715101,-122.432298,0.241379,6.136698
628,1.003658,43.420000,37.743059,-122.435582,0.202128,8.815103
629,1.002130,18.370000,37.745154,-122.429216,0.744283,6.723356
630,1.003779,40.310000,37.781769,-122.422181,0.417515,7.948127
631,1.000456,5.240000,37.765459,-122.477167,0.285223,8.874363
632,1.000507,1.140000,37.767400,-122.433420,0.875000,1.685444
634,1.018555,178.130000,37.723817,-122.436309,0.513784,8.078274
635,1.014343,101.490000,37.747159,-122.410501,0.378007,6.182772
636,1.000126,0.560000,37.734874,-122.439922,0.800676,2.966118
637,1.000992,6.320000,37.738591,-122.494283,0.224561,5.230754
638,1.006628,56.460000,37.731491,-122.455109,0.091981,6.786084
639,1.000458,1.880000,37.763761,-122.433635,0.795238,3.475224
640,1.000248,0.180000,37.748216,-122.465098,0.785714,0.527673
641,1.002055,10.810000,37.769357,-122.426506,0.279503,4.451853
642,1.003495,40.490000,37.789420,-122.437330,0.002288,6.552421
643,1.003027,21.590000,37.765435,-122.452893,0.179811,5.315183
644,1.053847,319.140000,37.775268,-122.419394,0.339223,5.201207
645,1.009619,68.070000,37.732888,-122.404856,0.247458,6.374132
646,1.003105,19.030000,37.740117,-122.468223,0.726496,5.349654
648,1.001166,2.360000,37.755973,-122.436770,0.823529,1.834121
650,1.010054,88.840000,37.777026,-122.455234,0.650718,6.566566
651,1.001958,14.930000,37.745682,-122.452355,0.296296,5.978711
652,1.000718,7.610000,37.771127,-122.424435,0.230315,8.864902
653,1.000506,7.320000,37.773310,-122.467958,0.827471,10.885519
654,1.004538,37.600000,37.781680,-122.422276,0.558266,6.476408
655,1.006093,34.820000,37.733709,-122.393972,0.003876,4.577582
656,1.001348,3.210000,37.764505,-122.428699,0.798319,2.210685
657,1.009136,73.040000,37.732888,-122.404856,0.042667,7.325704
658,1.003532,19.090000,37.730548,-122.460630,0.009646,3.671941
659,1.022407,144.470000,37.761150,-122.446455,0.229560,4.394766
660,1.016385,91.960000,37.739802,-122.409666,0.412281,4.153647
661,1.001858,6.480000,37.782350,-122.410175,0.430657,2.936535
662,1.016904,135.970000,37.717214,-122.441650,0.062500,5.154835
663,1.000596,5.420000,37.775730,-122.495184,0.010230,8.074157
664,1.002717,10.560000,37.760889,-122.495845,0.916667,3.656154
665,1.000569,5.890000,37.745352,-122.437947,0.597194,7.064973
666,1.004281,25.060000,37.740531,-122.456795,0.669251,4.592798
667,1.006746,32.030000,37.755177,-122.423067,0.063927,3.962079
668,1.033870,236.080000,37.723753,-122.435528,0.541796,6.132730
669,1.018462,78.060000,37.733845,-122.434970,0.443878,3.323189
672,1.008772,84.640000,37.712066,-122.463976,0.001684,7.563706
673,1.001118,5.870000,37.748496,-122.408694,0.039474,4.463289
676,1.005045,46.330000,37.746340,-122.461801,0.653484,7.085807
677,1.003448,29.750000,37.765973,-122.464229,0.176119,8.035743
678,1.009925,14.200000,37.738874,-122.413951,0.841270,1.126609
679,1.002952,28.250000,37.783643,-122.459063,0.216443,7.658502
685,1.002498,6.580000,37.782194,-122.410403,0.500000,2.631926
686,1.005097,65.980000,37.753547,-122.436413,0.638574,9.704206
687,1.006187,50.070000,37.763442,-122.403505,0.278873,6.144857
689,1.014149,104.260000,37.759264,-122.470296,0.008571,5.570612
691,1.001273,13.910000,37.734687,-122.471700,0.831325,9.199221
694,1.000441,4.620000,37.762033,-122.415016,0.257143,8.415300
695,1.001301,7.800000,37.721308,-122.427734,0.372937,4.781985
696,1.014356,70.420000,37.737711,-122.396011,0.349624,4.030699
697,1.008240,85.550000,37.739733,-122.465271,0.088975,9.230967
698,1.000220,1.220000,37.808186,-122.415809,0.007547,4.900691
699,1.001290,2.400000,37.721564,-122.432867,0.228070,1.359228
700,1.002716,31.010000,37.739937,-122.424257,0.530271,10.236012
701,1.001569,10.030000,37.739674,-122.465121,0.019900,5.402879
702,1.020319,79.050000,37.733604,-122.434138,0.489796,3.415917
704,1.020425,108.840000,37.746769,-122.419002,0.312217,4.235880
705,1.000228,1.540000,37.730047,-122.427911,0.841584,4.786160
706,1.009337,110.470000,37.724293,-122.429710,0.771005,8.671811
709,1.033334,164.420000,37.723753,-122.435528,0.455814,4.476432
710,1.033759,235.450000,37.765225,-122.447672,0.275281,6.228150
711,1.018653,190.030000,37.729834,-122.453996,0.504032,7.932504
713,1.000242,2.850000,37.749227,-122.427210,0.615094,8.832087
716,1.054712,194.100000,37.797953,-122.453862,0.138075,2.170567
717,1.003259,17.180000,37.712376,-122.467096,0.213439,4.117685
719,1.012487,39.200000,37.782228,-122.449759,0.007143,2.850456
720,1.019412,171.340000,37.776794,-122.473714,0.001976,6.749793
721,1.030070,163.980000,37.735295,-122.501059,0.825949,3.984768
722,1.000352,1.810000,37.802005,-122.412725,0.182510,4.628162
724,1.035366,121.410000,37.736553,-122.443699,0.034130,2.358306
726,1.020766,168.670000,37.769390,-122.426688,0.002320,6.784533
727,1.014593,50.720000,37.736667,-122.470557,0.023438,2.818077
728,1.036764,38.920000,37.788623,-122.405231,0.036364,0.891690
729,1.005041,19.030000,37.740117,-122.468223,0.323276,3.164711
730,1.001694,10.630000,37.763333,-122.480352,0.034483,5.888292
731,1.000209,1.690000,37.798107,-122.442604,0.639896,6.268099
732,1.004532,23.530000,37.771367,-122.443849,0.005155,4.733613
733,1.004587,51.560000,37.735563,-122.503042,0.243017,8.976839
734,1.012759,87.650000,37.767414,-122.444836,0.405594,5.550061
735,1.008329,65.080000,37.734422,-122.442079,0.827338,6.054625
736,1.000267,2.150000,37.771127,-122.424435,0.459391,6.706964
737,1.001845,8.420000,37.760926,-122.446590,0.370079,3.242068
738,1.005322,23.860000,37.740117,-122.468223,0.256410,3.543977
739,1.004863,28.820000,37.768657,-122.402953,0.003077,4.547794
740,1.008233,92.070000,37.785729,-122.406277,0.377970,7.622475
741,1.027672,239.460000,37.734904,-122.471457,0.263761,7.193569
742,1.014872,62.560000,37.757367,-122.488533,0.040268,3.048971
743,1.022086,205.600000,37.736842,-122.391146,0.201072,7.402554
744,1.006520,53.960000,37.739937,-122.424257,0.862464,6.811439
745,1.006052,14.960000,37.761074,-122.400181,0.018018,1.939772
747,1.003009,6.150000,37.723273,-122.452976,0.050725,1.781883
748,1.001175,5.180000,37.798750,-122.444324,0.102941,3.882912
749,1.032446,226.660000,37.745669,-122.435787,0.514124,5.881835
750,1.026671,247.840000,37.740531,-122.456795,0.275049,7.551248
751,1.001712,13.120000,37.772478,-122.484258,0.391304,6.531228
752,1.000400,3.450000,37.722942,-122.444808,0.774011,7.012118
753,1.029873,300.640000,37.734904,-122.471457,0.057803,8.534916
755,1.002373,33.580000,37.765459,-122.477167,0.248563,10.967753
757,1.011577,157.920000,37.721752,-122.472443,0.173913,11.283300
758,1.000679,4.780000,37.753936,-122.449458,0.152968,5.342886
759,1.000924,10.390000,37.787323,-122.431849,0.407407,7.780856
760,1.006192,29.420000,37.740531,-122.456795,0.375439,3.651036
761,1.005077,42.080000,37.758457,-122.463790,0.436620,6.712274
763,1.047943,439.640000,37.793057,-122.396623,0.061224,8.701036
764,1.013023,133.060000,37.746318,-122.485602,0.091904,8.484211
765,1.006625,93.410000,37.783748,-122.488152,0.037736,10.679061
766,1.005417,19.670000,37.753651,-122.421636,0.754839,2.688777
767,1.008837,71.070000,37.787698,-122.403440,0.850230,7.036883
768,1.005472,27.600000,37.731054,-122.426179,0.207071,3.610425
769,1.001695,9.930000,37.746340,-122.461801,0.569378,4.679609
770,1.025894,144.880000,37.737327,-122.449442,0.078125,4.332467
771,1.009088,66.540000,37.786918,-122.459440,0.404321,4.880957
772,1.002988,28.870000,37.757942,-122.477735,0.105727,7.902217
773,1.042518,275.410000,37.730791,-122.471129,0.003058,5.605995
774,1.000304,1.550000,37.735653,-122.390344,0.539062,4.062531
776,1.003166,16.380000,37.753875,-122.398612,0.618357,3.658337
777,1.000222,1.670000,37.779697,-122.492153,0.222222,5.647476
778,1.002465,22.700000,37.785798,-122.486237,0.027990,6.981119
780,1.001320,17.080000,37.720735,-122.446626,0.209632,10.475049
781,1.013944,147.950000,37.779690,-122.389579,0.008251,9.022719
783,1.013399,102.860000,37.760020,-122.396405,0.061275,5.887718
784,1.020194,139.050000,37.753445,-122.494613,0.474265,4.689942
785,1.012109,107.540000,37.763761,-122.433635,0.493151,7.491774
786,1.000633,6.510000,37.769312,-122.496278,0.289238,7.399721
787,1.005747,28.950000,37.761868,-122.446837,0.625387,3.655730
789,1.002873,17.000000,37.776424,-122.456684,0.130573,4.043570
790,1.036929,189.930000,37.738193,-122.465761,0.123239,4.309750
791,1.017076,213.830000,37.723979,-122.456539,0.254400,9.823987
792,1.032116,99.930000,37.776696,-122.412224,0.006410,2.596237
793,1.030733,58.810000,37.745669,-122.435787,0.142857,1.348387
794,1.005385,56.050000,37.798750,-122.444324,0.050633,9.141647
795,1.015342,130.860000,37.787522,-122.485288,0.415865,6.956153
796,1.008873,42.080000,37.758457,-122.463790,0.111842,3.944692
797,1.000778,2.030000,37.779678,-122.438630,0.318182,2.408728
798,1.039828,137.310000,37.733518,-122.454632,0.004132,2.794406
800,1.004764,25.060000,37.740531,-122.456795,0.446281,3.993830
802,1.007905,54.120000,37.742824,-122.421688,0.117647,5.543127
803,1.026222,220.530000,37.740003,-122.462925,0.606818,7.098134
804,1.023479,252.710000,37.739768,-122.466903,0.223570,9.216351
805,1.113441,113.210000,37.799539,-122.408873,0.063492,0.918041
806,1.000157,1.330000,37.731712,-122.390253,0.025707,7.242669
807,1.012343,118.480000,37.739782,-122.424301,0.529148,7.644158
808,1.007769,38.020000,37.730489,-122.470609,0.607143,4.483211
809,1.016231,48.890000,37.757432,-122.453892,0.171053,2.547928
810,1.010225,66.500000,37.734904,-122.471457,0.040881,5.455980
814,1.015028,75.220000,37.739729,-122.410739,0.059113,4.213820
815,1.054232,297.750000,37.734210,-122.488913,0.032000,4.426418
816,1.000891,8.780000,37.728717,-122.425990,0.339662,6.655439
817,1.011111,44.290000,37.747004,-122.445097,0.550432,3.177990
818,1.009307,45.760000,37.740117,-122.463725,0.390449,4.084997
819,1.058539,208.550000,37.767601,-122.428901,0.164557,3.163822
822,1.000577,2.630000,37.773414,-122.421570,0.594470,4.013729
825,1.014573,79.320000,37.784885,-122.427984,0.365019,4.686456
826,1.001615,6.330000,37.732420,-122.405709,0.904494,3.020726
827,1.001357,10.020000,37.742352,-122.491684,0.067308,5.189026
829,1.000763,4.640000,37.792181,-122.422707,0.044118,4.558018
830,1.015232,43.160000,37.718244,-122.455125,0.210526,2.077257
831,1.014983,197.110000,37.775065,-122.419515,0.150909,11.325819
832,1.004765,54.720000,37.764387,-122.435364,0.556522,9.006993
833,1.016341,167.840000,37.787012,-122.433575,0.130435,8.240275
835,1.054042,189.490000,37.738175,-122.409656,0.007874,2.724046
836,1.001467,11.160000,37.777864,-122.453333,0.957965,6.159826
837,1.004000,47.640000,37.757760,-122.391300,0.031414,10.536886
839,1.006112,56.770000,37.760527,-122.503714,0.002193,7.320887
840,1.066062,327.280000,37.736629,-122.424287,0.167464,4.338504
841,1.008465,54.990000,37.772194,-122.452358,0.619377,4.909833
842,1.003923,27.740000,37.768670,-122.403928,0.089021,5.517547
843,1.019973,99.260000,37.780894,-122.445335,0.021008,4.472118
844,1.010148,47.250000,37.741913,-122.500249,0.017668,3.726528
845,1.019943,63.290000,37.755306,-122.420921,0.344538,2.348659
846,1.000289,1.160000,37.735653,-122.390344,0.095506,3.030140
847,1.002481,13.800000,37.745431,-122.451780,0.799320,4.726076
848,1.012947,94.010000,37.758232,-122.400999,0.166667,6.015521
849,1.009932,66.430000,37.772874,-122.423815,0.028777,5.426806
850,1.001613,14.950000,37.761661,-122.476856,0.315909,7.667256
851,1.046294,430.270000,37.758457,-122.463790,0.158273,6.863171
853,1.004124,44.560000,37.720107,-122.447152,0.335391,9.771476
855,1.001863,23.020000,37.780496,-122.451888,0.969571,9.200383
856,1.008114,80.220000,37.742824,-122.421688,0.343750,7.929981
857,1.007970,64.360000,37.730275,-122.470058,0.328502,6.982738
858,1.002646,13.290000,37.798567,-122.408925,0.029536,4.052411
859,1.001519,7.720000,37.759351,-122.433840,0.007905,4.241658
860,1.000820,9.190000,37.788846,-122.401987,0.843284,9.156520
861,1.013240,75.340000,37.757432,-122.453892,0.177719,4.779401
862,1.027859,236.580000,37.723698,-122.438745,0.028302,7.817063
863,1.001289,5.940000,37.741938,-122.501425,0.021053,3.855322
864,1.001749,16.180000,37.726826,-122.472274,0.098532,7.786142
865,1.005272,59.420000,37.711451,-122.456249,0.504115,3.468042
866,1.025168,231.990000,37.782623,-122.469784,0.003413,6.799695
867,1.013041,91.570000,37.745571,-122.410498,0.038732,5.436972
868,1.024688,314.680000,37.746472,-122.461742,0.577808,10.551186
869,1.017844,84.700000,37.780822,-122.467509,0.299539,3.444612
870,1.000242,1.760000,37.769969,-122.425908,0.089325,5.565012
871,1.000470,0.940000,37.731506,-122.448881,0.916667,1.289033
872,1.028719,75.690000,37.787698,-122.403440,0.227273,2.222454
873,1.019918,166.190000,37.755311,-122.494746,0.014000,6.725659
874,1.062246,453.420000,37.734552,-122.444440,0.019802,5.831738
876,1.033166,391.670000,37.720993,-122.475368,0.039755,9.823022
877,1.027600,211.450000,37.789015,-122.440519,0.145251,6.564305
878,1.062903,554.980000,37.797053,-122.405701,0.004474,7.392062
880,1.001228,4.970000,37.788846,-122.401987,0.765027,3.669923
881,1.025780,272.490000,37.722471,-122.436496,0.039698,8.602819
882,1.008994,11.720000,37.760260,-122.419996,0.081633,0.978478
883,1.043093,351.310000,37.746552,-122.458633,0.027719,6.521319
884,1.003556,33.890000,37.765435,-122.452893,0.481900,7.144750
885,1.016827,132.790000,37.751042,-122.466498,0.033426,5.953224
887,1.036446,147.660000,37.805312,-122.417370,0.097087,3.625170
888,1.012000,69.880000,37.752078,-122.398574,0.015686,5.279787
889,1.027630,141.930000,37.765952,-122.500280,0.003745,4.566939
891,1.009662,77.850000,37.758601,-122.464876,0.234987,6.432595
892,1.014939,173.880000,37.746769,-122.419002,0.559838,9.448094
893,1.016696,97.220000,37.760493,-122.446376,0.098765,5.043436
896,1.009744,26.240000,37.735955,-122.446312,0.004695,1.972900
897,1.005947,23.130000,37.735295,-122.501059,0.888889,2.996967
898,1.005352,36.020000,37.755300,-122.421025,0.014706,6.257183
899,1.000909,7.670000,37.761777,-122.437307,0.556680,6.223687
900,1.021471,100.100000,37.753984,-122.417534,0.021739,3.583886
901,1.034764,321.130000,37.746472,-122.461742,0.302187,7.333032
902,1.025438,186.180000,37.739007,-122.424981,0.450920,5.887958
903,1.004022,21.010000,37.731601,-122.436695,0.891304,4.035296
904,1.005329,17.800000,37.733591,-122.459056,0.148148,2.609583
905,1.014515,92.240000,37.746308,-122.424563,0.069388,5.201684
906,1.012225,119.150000,37.745438,-122.451621,0.406360,7.440139
911,1.008181,55.550000,37.744892,-122.456898,0.194070,4.706605
913,1.044081,178.190000,37.765757,-122.417684,0.046358,3.080437
914,1.005697,29.490000,37.761868,-122.446837,0.662577,3.614517
915,1.001375,6.550000,37.759414,-122.488676,0.013825,3.462634
916,1.027014,296.060000,37.771519,-122.411203,0.346723,9.959756
917,1.016389,169.360000,37.746472,-122.461742,0.447452,8.157434
918,1.002399,17.230000,37.741290,-122.408780,0.735484,5.208684
919,1.012237,80.210000,37.729196,-122.430770,0.853282,5.970915
920,1.021440,201.290000,37.784764,-122.421212,0.020284,8.314945
922,1.008444,64.870000,37.798887,-122.442642,0.400978,6.021185
924,1.034707,250.740000,37.719409,-122.450818,0.040678,6.370060
925,1.029346,364.020000,37.761931,-122.437323,0.327609,9.125203
926,1.028708,230.500000,37.708853,-122.432483,0.003049,6.111465
928,1.001109,3.360000,37.786304,-122.409064,0.232759,2.396959
929,1.022921,154.940000,37.757942,-122.477735,0.071672,5.782214
931,1.003497,31.620000,37.720735,-122.446626,0.443497,7.773963
932,1.000280,2.620000,37.771127,-122.424435,0.336957,7.724701
933,1.027358,236.360000,37.743921,-122.452607,0.020833,7.378440
934,1.016050,126.360000,37.733604,-122.434138,0.326471,6.341417
935,1.006571,76.160000,37.771551,-122.454093,0.829091,9.074759
936,1.000929,10.360000,37.728336,-122.478683,0.434412,9.578052
937,1.005202,5.960000,37.797119,-122.413578,0.112676,0.901049
938,1.045109,386.680000,37.765225,-122.447672,0.306636,7.230473
939,1.014244,38.140000,37.739768,-122.466903,0.320225,2.352208
940,1.004281,22.190000,37.760966,-122.495237,0.004566,3.932446
941,1.007953,12.810000,37.709196,-122.485197,0.437086,1.346156
942,1.002176,16.590000,37.782194,-122.410403,0.034211,6.717870
943,1.007381,43.480000,37.750306,-122.387713,0.634686,4.431855
944,1.007266,62.870000,37.734422,-122.442079,0.853070,6.781173
945,1.004601,41.390000,37.761868,-122.446837,0.396409,6.382641
946,1.026828,151.810000,37.757706,-122.406860,0.066946,4.503399
947,1.012754,55.440000,37.724970,-122.461189,0.043062,3.759425
949,1.033276,314.640000,37.760705,-122.438193,0.572534,7.123636
950,1.002594,11.730000,37.756236,-122.432218,0.785311,3.418269
951,1.008484,61.600000,37.746239,-122.461799,0.502083,5.989322
952,1.026315,283.800000,37.705206,-122.447638,0.161290,8.785230
953,1.000475,5.390000,37.772478,-122.484258,0.401667,9.971545
954,1.019928,204.730000,37.757555,-122.486300,0.003861,8.204599
955,1.023616,174.490000,37.730107,-122.458298,0.017897,5.876092
957,1.008343,48.060000,37.758644,-122.463803,0.443213,4.085463
959,1.012199,137.200000,37.784085,-122.434669,0.116139,8.669441
961,1.011630,62.170000,37.745708,-122.419824,0.536332,4.740582
962,1.021885,268.870000,37.771127,-122.424435,0.234177,10.360197
963,1.006551,46.740000,37.705148,-122.450596,0.034146,6.378700
964,1.028270,129.910000,37.732558,-122.379671,0.093750,4.192729
965,1.054181,394.200000,37.758457,-122.463790,0.111702,6.080924
966,1.009697,48.670000,37.719718,-122.442541,0.107407,4.396070
967,1.000599,1.550000,37.717911,-122.466240,0.148148,2.258911
969,1.003308,14.900000,37.720048,-122.445088,0.827068,3.204771
970,1.001985,4.450000,37.724999,-122.484765,0.512953,1.732571
971,1.008281,93.500000,37.761868,-122.446837,0.667311,7.600564
972,1.004474,41.880000,37.801513,-122.438023,0.002242,7.571416
973,1.012403,99.580000,37.749159,-122.416213,0.523546,6.808047
974,1.008035,109.550000,37.798750,-122.444324,0.080439,8.094739
975,1.012067,38.140000,37.739768,-122.466903,0.257576,2.861709
977,1.012702,75.840000,37.757019,-122.420354,0.011152,4.999220
978,1.009233,35.030000,37.737786,-122.428249,0.265306,3.257169
979,1.003677,25.620000,37.765973,-122.464229,0.329004,6.260782
980,1.000261,3.420000,37.734823,-122.471563,0.756173,11.644565
981,1.031235,100.420000,37.746650,-122.463724,0.800000,2.593575
982,1.000583,3.100000,37.748080,-122.489071,0.861004,3.826538
983,1.007239,93.520000,37.761868,-122.446837,0.693662,10.122873
984,1.025371,186.350000,37.729834,-122.453996,0.088949,5.897963
985,1.004538,37.100000,37.726974,-122.416340,0.610294,6.344885
986,1.013797,110.250000,37.733604,-122.434138,0.198142,6.505818
989,1.005924,50.610000,37.786918,-122.459440,0.228956,6.568924
991,1.011268,137.870000,37.705154,-122.470771,0.012048,10.899491
992,1.048128,243.170000,37.725781,-122.463533,0.091241,4.072488
993,1.024390,89.860000,37.782520,-122.447237,0.005882,3.130719
994,1.000194,1.430000,37.765973,-122.464229,0.557769,6.587947
995,1.013033,54.410000,37.732961,-122.455154,0.043796,3.744695
996,1.010926,55.800000,37.742701,-122.387971,0.901408,4.237185
997,1.003225,32.040000,37.783643,-122.459063,0.195616,7.951612
998,1.007860,93.440000,37.741745,-122.506778,0.155844,9.986476
